{
  "urls": [
    "./motivation.ogg",
    "./motivation.m4a",
    "./motivation.mp3",
    "./motivation.ac3"
  ],
  "sprite": {
    "aiaia": [
      0,
      2055.9410430839002
    ],
    "benga": [
      4000,
      1036.5986394557822
    ],
    "compliment": [
      7000,
      2845.7142857142853
    ],
    "fat_lady": [
      11000,
      3041.496598639455
    ],
    "goed_bezig": [
      16000,
      1119.2517006802732
    ],
    "heftig": [
      19000,
      3153.9002267573687
    ],
    "helft": [
      24000,
      3327.414965986396
    ],
    "ik_ga_hard": [
      29000,
      2061.587301587302
    ],
    "karamba": [
      33000,
      4672.018140589572
    ],
    "kut_training": [
      39000,
      2109.07029478458
    ],
    "nog_even": [
      43000,
      3995.8503401360517
    ],
    "onderbroek": [
      48000,
      1258.6167800453509
    ],
    "rust": [
      51000,
      4992.018140589572
    ],
    "yeah": [
      57000,
      2120.9070294784597
    ]
  }
}